media_id,checkpoint,obs_date,posted_date,permalink,caption,views,reach,avg_watch_time_s,new_followers,skip_rate_pct,share_rate_pct,like_rate_pct,save_rate_pct,repost_rate_pct,comment_rate_pct,src_reels_pct,src_explore_pct,src_feed_pct,src_profile_pct,src_other_pct,profile_visits,likes,comments,reposts,shares,saves,follower_pct,age_13_17_pct,age_18_24_pct,age_25_34_pct,age_35_44_pct,age_45_54_pct,age_55_64_pct,age_65_plus_pct,gender_male_pct,gender_female_pct,gender_other_pct,countries
18173928976418735,7d,2026-07-12,2026-07-05,https://www.instagram.com/reel/DaaVvg4gIPh/,這座石塔底下，竟藏著挖進海底的礦坑？  康沃爾與西德文礦業景觀 · 工業革命時期  波塔拉克的石造礦機房緊貼大西洋懸崖而立，礦道從崖底一路掘進海床之下；暴風雨的,214,168,5,1,63.7,0.0,0.0,0.0,0.0,0.0,83.0,10.4,4.7,1.9,,0,0,0,0,0,0,6.1,1.0,11.9,35.7,22.9,9.5,11.9,7.1,,,,
18126686959642648,7d,2026-07-13,2026-07-06,https://www.instagram.com/reel/Dac93U_Djfp/,西班牙人為什麼找不到這座天空之城？  馬丘比丘 · 15世紀・印加帝國  帕查庫特克在海拔2430公尺的山脊建起王家莊園。石匠不用一滴砂漿，把花崗岩切得連刀刃都,960,580,17,2,38.5,0.0,1.7,0.0,0.0,0.0,91.4,6.9,1.1,0.6,,0,10,0,0,0,0,1.2,0,3.3,14.7,13.0,13.7,24.2,31.2,,,,
17963974236129795,7d,2026-07-14,2026-07-07,https://www.instagram.com/reel/Dafip_9D7fg/,這座圓頂，為什麼空了一百年？  佛羅倫斯歷史中心 · 13–16世紀・文藝復興  佛羅倫斯的大教堂自一二九六年動工，卻在祭壇上方留下一個直徑四十四公尺的八角形大,763,515,6,1,53.2,0.0,1.0,0.2,0.0,0.0,85.4,12.5,1.1,1.0,,6,5,0,0,0,1,1.5,0,6.3,22.7,19.8,19.9,14.3,17.0,69.7,30.3,,台灣:58.1|香港:12.4|美國:6.5|馬來西亞:4.3|中國:4.1
18113232020487836,7d,2026-07-15,2026-07-08,https://www.instagram.com/reel/DaiHc2wlNSA/,這座木造城，為何七百年不倒？  姬路城 · 建於 1333 年  白鷺城通體雪白，層層屋簷微微上揚，像一隻正要振翅的白鷺——這就是姬路城名字的由來，日本現存最完,481,343,7,0,52.5,0.0,1.7,0.0,0.0,0.0,84.0,11.3,2.1,2.3,,1,6,0,0,0,0,1.9,0.2,7.9,26.4,22.3,17.2,14.5,11.5,70.8,29.2,,台灣:72.8|香港:12.3|日本:3.6|新加坡:2.6|馬來西亞:1.9
18072267218363673,7d,2026-07-16,2026-07-09,https://www.instagram.com/reel/DaksPyXjarZ/,擅自闖進這座城的人，會被當場處死。  紫禁城 · 1406–1420（明永樂年間）  永樂皇帝在 1406 年動工，徵調百萬工匠，花十四年在北京正中蓋起這座宮殿,297,239,18,1,57.9,0.0,2.9,0.8,0.0,0.0,81.6,12.3,2.3,3.8,,0,7,0,0,0,2,4.1,0.3,8.2,24.9,21.8,13.0,14.3,17.5,72.5,27.5,,台灣:55.6|香港:6.8|新加坡:6.5|美國:5.1|中國:4.4
18117962776841563,48h,2026-07-12,2026-07-10,https://www.instagram.com/reel/DanP-KliVIz/,這座小城，以一尊佛像命名——那尊佛像，卻曾兩度離開它。  龍坡邦 · 瀾滄王國（1353 年起）  湄公河與南康河在此靜靜交會，龍坡邦這座寮國北部的山中小城，人,178,159,7,1,69.6,0.0,1.2,0.0,0.0,0.0,83.7,10.7,3.9,1.7,,1,2,0,0,0,0,2.8,0.6,2.8,27.5,21.3,18.0,16.9,12.9,,,,
18117962776841563,7d,2026-07-18,2026-07-10,https://www.instagram.com/reel/DanP-KliVIz/,這座小城，以一尊佛像命名——那尊佛像，卻曾兩度離開它。  龍坡邦 · 瀾滄王國（1353 年起）  湄公河與南康河在此靜靜交會，龍坡邦這座寮國北部的山中小城，人,190,167,8,1,68.0,0.0,1.2,0.0,0.0,0.0,79.9,,,,,2,2,0,0,0,0,3.2,0.5,2.6,27.0,21.7,16.9,18.5,12.7,53.8,46.2,,台灣:70.9|新加坡:6.9|香港:6.3|馬來西亞:4.2|中國:3.2
18120949039754670,24h,2026-07-12,2026-07-11,https://www.instagram.com/reel/Daq_XoKiizT/,富士山，供奉女神一千多年，卻不准女人登上山頂。  富士山 · 江戶時代  富士山，被雪覆蓋近五個月的完美圓錐，一千多年來是日本人的聖山。神話裡，山頂住著櫻花女神,165,145,7,1,68.2,0.0,1.4,0.0,0.0,0.0,86.5,9.8,3.7,,,0,2,0,0,0,0,3.7,1.2,14.7,26.4,22.7,13.5,13.5,8.0,,,,
18120949039754670,48h,2026-07-13,2026-07-11,https://www.instagram.com/reel/Daq_XoKiizT/,富士山，供奉女神一千多年，卻不准女人登上山頂。  富士山 · 江戶時代  富士山，被雪覆蓋近五個月的完美圓錐，一千多年來是日本人的聖山。神話裡，山頂住著櫻花女神,257,226,8,1,67.5,0.0,2.2,0.0,0.0,0.0,87.2,9.7,2.7,0.4,,0,5,0,0,0,0,2.3,1.2,10.1,22.6,21.8,17.5,14.8,12.1,,,,
18129793348624846,24h,2026-07-13,2026-07-12,https://www.instagram.com/reel/DasqhWQjtxg/,這座城市曾經富甲沙漠，卻憑空消失了七百年，直到一個瑞士青年，說了一個謊。  佩特拉 · 納巴泰王國時期  納巴泰人兩千三百年前在約旦沙漠定居，不砌磚牆，直接在玫,99,89,44,0,81.3,0.0,3.3,0.0,0.0,0.0,77.1,19.8,2.1,1.0,,0,3,0,0,0,0,3,,,,,,,,,,,
18129793348624846,48h,2026-07-14,2026-07-12,https://www.instagram.com/reel/DasqhWQjtxg/,這座城市曾經富甲沙漠，卻憑空消失了七百年，直到一個瑞士青年，說了一個謊。  佩特拉 · 納巴泰王國時期  納巴泰人兩千三百年前在約旦沙漠定居，不砌磚牆，直接在玫,111,103,39,0,82.5,0.0,2.9,0.0,0.0,0.0,76.6,19.8,1.8,1.8,,0,3,0,0,0,0,2.7,0,16.2,33.3,17.1,13.5,9.0,10.8,62.2,37.8,,台灣:39.6|香港:9.9|印度:7.2|中國:6.3|澳門:5.4
18129793348624846,7d,2026-07-19,2026-07-12,https://www.instagram.com/reel/DasqhWQjtxg/,這座城市曾經富甲沙漠，卻憑空消失了七百年，直到一個瑞士青年，說了一個謊。  佩特拉 · 納巴泰王國時期  納巴泰人兩千三百年前在約旦沙漠定居，不砌磚牆，直接在玫,119,109,40,0,79.6,0.0,2.8,0.0,0.0,0.0,71.4,18.5,1.7,8.4,,0,3,0,0,0,0,3.4,0,15.1,31.9,17.6,14.3,10.9,10.1,63.0,37.0,,台灣:42.9|香港:9.2|印度:6.7|中國:5.9|澳門:5.0
18120359665819300,24h,2026-07-14,2026-07-13,https://www.instagram.com/reel/Dau_zvUjDNM/,全世界最著名的建築之一，其實是一座陵墓。而下令建造它的皇帝，最後只能隔著河，遠遠望著它。  泰姬瑪哈陵 · 1632–1653年・蒙兀兒帝國  慕塔芝・瑪哈在軍,212,190,17,0,71.7,0.5,1.6,0.5,0.0,0.0,88.6,9.0,1.4,1.0,,0,3,0,0,1,1,1.9,0,11.0,26.2,16.2,14.8,14.3,17.6,56.5,43.5,,台灣:44.8|香港:13.3|新加坡:8.1|美國:7.1|中國:3.8
18120359665819300,48h,2026-07-15,2026-07-13,https://www.instagram.com/reel/Dau_zvUjDNM/,全世界最著名的建築之一，其實是一座陵墓。而下令建造它的皇帝，最後只能隔著河，遠遠望著它。  泰姬瑪哈陵 · 1632–1653年・蒙兀兒帝國  慕塔芝・瑪哈在軍,243,208,26,0,69.7,0.5,1.9,0.5,0.0,0.0,87.7,8.1,1.2,3.0,,0,4,0,0,1,1,1.7,0,9.7,25.4,14.4,13.6,16.5,20.3,53.9,46.1,,台灣:48.3|香港:12.3|美國:7.6|新加坡:7.2|中國:3.4
18120359665819300,7d,2026-07-20,2026-07-13,https://www.instagram.com/reel/Dau_zvUjDNM/,全世界最著名的建築之一，其實是一座陵墓。而下令建造它的皇帝，最後只能隔著河，遠遠望著它。  泰姬瑪哈陵 · 1632–1653年・蒙兀兒帝國  慕塔芝・瑪哈在軍,250,214,26,0,70.1,0.5,1.9,0.5,0.0,0.0,85.6,7.8,1.2,5.3,,0,4,0,0,1,1,1.6,0,9.5,25.9,15.2,13.2,16.5,19.8,54.3,45.7,,台灣:48.1|香港:11.9|美國:7.4|新加坡:7.4|中國:3.3
18111441236300008,24h,2026-07-15,2026-07-14,https://www.instagram.com/reel/DaxcPxAlGGV/,布拉格舊城廣場上這座天文鐘走了六百年，但傳說中造鐘的人，最後被挖去了雙眼——只為了讓世上再無第二座這樣的鐘。  布拉格舊城 · 中世紀（九世紀起）／天文鐘 14,1905,1579,14,6,46.7,0.4,1.2,0.4,0.0,0.0,86.0,12.5,0.8,0.2,,9,19,0,0,6,7,0.3,0.3,6.4,27.5,22.8,18.3,15.9,8.8,48.0,52.0,,台灣:70.0|香港:9.7|美國:3.2|馬來西亞:3.1|英國:2.8
18111441236300008,48h,2026-07-16,2026-07-14,https://www.instagram.com/reel/DaxcPxAlGGV/,布拉格舊城廣場上這座天文鐘走了六百年，但傳說中造鐘的人，最後被挖去了雙眼——只為了讓世上再無第二座這樣的鐘。  布拉格舊城 · 中世紀（九世紀起）／天文鐘 14,2733,2287,14,11,45.7,0.7,1.4,0.3,0.0,0.0,86.1,12.5,0.6,0.3,,16,31,0,0,15,7,0.4,0.2,5.4,25.2,23.3,18.9,18.1,8.8,44.9,55.1,,台灣:70.0|香港:10.2|美國:3.4|馬來西亞:2.9|新加坡:2.5
18111441236300008,7d,2026-07-21,2026-07-14,https://www.instagram.com/reel/DaxcPxAlGGV/,布拉格舊城廣場上這座天文鐘走了六百年，但傳說中造鐘的人，最後被挖去了雙眼——只為了讓世上再無第二座這樣的鐘。  布拉格舊城 · 中世紀（九世紀起）／天文鐘 14,2797,2349,14,11,45.5,0.7,1.4,0.3,0.0,0.0,86.2,12.3,0.6,0.4,0,16,32,0,0,17,8,0.4,0.2,5.4,25.0,23.1,19.2,18.2,8.9,44.7,55.3,,台灣:70.4|香港:10.0|美國:3.3|馬來西亞:2.9|新加坡:2.5
17926236306379575,24h,2026-07-16,2026-07-15,https://www.instagram.com/reel/Da0BCttGLn-/,這種屋頂，一戶人家永遠蓋不起來。  白川鄉合掌村 · 十七世紀～現代  庄川河谷的雪能積到一層樓高，於是屋頂被築成陡峭的三角。兩面斜坡像合十的手掌，雪一落就滑走,727,613,11,3,46.9,0.2,1.3,0.0,0.0,0.0,89.3,9.0,0.9,0.7,,3,8,0,0,1,0,1.1,0.3,7.6,24.6,22.5,17.3,15.5,12.1,52.7,47.3,,台灣:65.4|香港:12.1|新加坡:4.9|馬來西亞:2.8|中國:2.8
17926236306379575,7d,2026-07-22,2026-07-15,https://www.instagram.com/reel/Da0BCttGLn-/,這種屋頂，一戶人家永遠蓋不起來。  白川鄉合掌村 · 十七世紀～現代  庄川河谷的雪能積到一層樓高，於是屋頂被築成陡峭的三角。兩面斜坡像合十的手掌，雪一落就滑走,839,715,11,4,46.7,0.1,1.3,0.0,0.0,0.0,88.8,9.1,1.0,1.0,,3,9,0,0,1,0,1.4,0.2,6.6,22.1,20.9,18.6,18.5,13.2,52.3,47.7,,台灣:66.3|香港:11.9|新加坡:4.8|馬來西亞:3.2|中國:2.9
18094131698576035,48h,2026-07-18,2026-07-16,https://www.instagram.com/reel/Da2oX-Gj0Ch/,一個被貶到底的官員，蓋出了中國最美的園林。  蘇州古典園林 · 北宋至清（11–19 世紀）  蘇州的高牆後面，藏著明清文人親手疊出的小天地。鼎盛時近兩百座私家,1034,828,13,2,46.9,0.1,1.2,0.4,0.0,0.0,90.6,8.7,0.4,,,3,10,0,0,1,3,0.8,0.2,4.2,12.7,14.1,20.0,27.2,21.6,53.8,46.3,,台灣:56.8|美國:8.8|香港:7.8|新加坡:7.4|馬來西亞:3.7
18094131698576035,7d,2026-07-23,2026-07-16,https://www.instagram.com/reel/Da2oX-Gj0Ch/,一個被貶到底的官員，蓋出了中國最美的園林。  蘇州古典園林 · 北宋至清（11–19 世紀）  蘇州的高牆後面，藏著明清文人親手疊出的小天地。鼎盛時近兩百座私家,1077,866,13,2,46.3,0.1,1.1,0.5,0.0,0.0,90.1,8.9,0.5,0.3,,3,10,0,0,1,4,0.9,0.2,4.0,12.4,14.1,20.3,27.1,21.8,52,48,,台灣:57.7|美國:8.4|香港:8.0|新加坡:7.1|馬來西亞:3.6
17979215781024145,24h,2026-07-18,2026-07-17,https://www.instagram.com/reel/Da3814GjAtf/,這座城的名字叫「幸福的黎明」，卻沉睡了兩百年。  素可泰古城 · 13–14 世紀  素可泰意為「幸福的黎明」。十三世紀中葉，泰人首領起事擺脫高棉帝國統治，在此,224,194,6,1,75.6,0.0,0.5,0.0,0.0,0.0,90.0,8.2,1.8,,,0,1,0,0,0,0,3.6,0.9,8.2,29.5,24.1,14.5,13.2,9.5,39.7,60.3,,台灣:50|香港:18.2|新加坡:9.5|馬來西亞:6.4|中國:3.6
17979215781024145,48h,2026-07-19,2026-07-17,https://www.instagram.com/reel/Da3814GjAtf/,這座城的名字叫「幸福的黎明」，卻沉睡了兩百年。  素可泰古城 · 13–14 世紀  素可泰意為「幸福的黎明」。十三世紀中葉，泰人首領起事擺脫高棉帝國統治，在此,224,194,6,1,75.6,0.0,0.5,0.0,0.0,0.0,90.0,8.2,1.8,,,0,1,0,0,0,0,3.6,0.9,8.2,29.5,24.1,14.5,13.2,9.5,39.7,60.3,,台灣:50|香港:18.2|新加坡:9.5|馬來西亞:6.4|中國:3.6
17979215781024145,7d,2026-07-24,2026-07-17,https://www.instagram.com/reel/Da3814GjAtf/,這座城的名字叫「幸福的黎明」，卻沉睡了兩百年。  素可泰古城 · 13–14 世紀  素可泰意為「幸福的黎明」。十三世紀中葉，泰人首領起事擺脫高棉帝國統治，在此,235,202,6,1,73.6,0.0,0.5,0.0,0.0,0.0,85.7,7.8,2.6,3.9,0,0,1,0,0,0,0,6.5,0.9,8.2,31.2,23.8,13.9,13.0,9.1,37.6,62.4,,台灣:51.9|香港:17.3|新加坡:9.1|馬來西亞:6.1|中國:3.5
18161100985461070,24h,2026-07-19,2026-07-18,https://www.instagram.com/reel/Da7vbEklBmO/,他親手終結了千年王朝，卻保住了整座城市。  慶州歷史區 · 新羅王朝（前57–935）  新羅王朝以慶州為都整整992年，從西元前57年到935年，把王陵、石塔,380,326,9,0,58.8,0.0,1.3,0.3,0.0,0.0,85.0,10.7,4.2,,,1,4,0,0,0,1,1.3,0,5.5,27.3,31.1,15.4,11.8,8.8,43.8,56.3,,台灣:65.3|香港:11.0|新加坡:6.1|馬來西亞:2.8|中國:2.5
18161100985461070,48h,2026-07-20,2026-07-18,https://www.instagram.com/reel/Da7vbEklBmO/,他親手終結了千年王朝，卻保住了整座城市。  慶州歷史區 · 新羅王朝（前57–935）  新羅王朝以慶州為都整整992年，從西元前57年到935年，把王陵、石塔,707,621,9,0,57.8,0.0,1.0,0.5,0.0,0.0,86.8,10.5,2.6,0.1,,5,6,0,0,0,3,0.7,0,4.3,26.5,29.8,18.8,11.7,8.9,47.4,52.6,,台灣:66.6|香港:9.2|新加坡:6.9|馬來西亞:4.0|美國:2.3
18161100985461070,7d,2026-07-25,2026-07-18,https://www.instagram.com/reel/Da7vbEklBmO/,他親手終結了千年王朝，卻保住了整座城市。  慶州歷史區 · 新羅王朝（前57–935）  新羅王朝以慶州為都整整992年，從西元前57年到935年，把王陵、石塔,721,634,10,0,57.7,0.0,1.1,0.5,0.0,0.0,85.4,10.3,2.8,1.5,,6,7,0,0,0,3,1.7,0.1,4.4,27.0,29.6,18.4,11.7,8.8,47,53,,台灣:67.3|香港:9.0|新加坡:6.7|馬來西亞:3.9|美國:2.2
18085989914553597,24h,2026-07-20,2026-07-19,https://www.instagram.com/reel/Da9DCPyjRxm/,這座教堂蓋了 144 年，今年終於封頂——而設計它的人，一百年前就走了。  聖家堂 · 1882 年－2026 年  高第 31 歲接手聖家堂，把哥德式骨架換成,1081,940,11,5,60.2,0.3,1.3,0.1,0.0,0.0,80.5,10.3,2.2,0.3,6.5,1,12,0,0,3,1,4.2,0.3,5.7,27.1,27.2,17.6,13.9,8.1,48.6,51.4,,台灣:68.8|香港:8.3|馬來西亞:5.7|新加坡:4.0|美國:3.9
18085989914553597,48h,2026-07-21,2026-07-19,https://www.instagram.com/reel/Da9DCPyjRxm/,這座教堂蓋了 144 年，今年終於封頂——而設計它的人，一百年前就走了。  聖家堂 · 1882 年－2026 年  高第 31 歲接手聖家堂，把哥德式骨架換成,1195,1031,11,6,59.8,0.4,1.5,0.2,0.0,0.0,80.7,10.4,2.2,0.3,6.1,3,16,0,0,4,2,4.4,0.3,5.7,27.1,27.3,17.0,14.2,8.4,48.1,51.9,,台灣:68.5|香港:8.4|馬來西亞:5.7|新加坡:4.3|美國:3.7
18136824583585849,24h,2026-07-21,2026-07-20,https://www.instagram.com/reel/DbA5AxsjtRY/,蓋起金字塔的，不是奴隸──那他們是誰？  吉薩金字塔群 · 古王國第四王朝（約前2600–前2500）  胡夫大金字塔以550萬噸石灰岩砌成146公尺，自完工起,243,208,8,2,70.1,0.0,0.9,0.0,0.0,0.0,87.1,10.8,1.7,0.4,0,2,2,0,0,0,0,2.1,0.4,10.6,34.0,25.5,16.2,8.9,4.3,53.8,46.2,,台灣:55.3|香港:8.5|馬來西亞:4.7|新加坡:4.3|印度:3.8
18136824583585849,48h,2026-07-22,2026-07-20,https://www.instagram.com/reel/DbA5AxsjtRY/,蓋起金字塔的，不是奴隸──那他們是誰？  吉薩金字塔群 · 古王國第四王朝（約前2600–前2500）  胡夫大金字塔以550萬噸石灰岩砌成146公尺，自完工起,445,397,9,5,63.5,0.0,1.8,0.0,0.0,0.0,88.7,10.0,0.9,0.4,,8,7,0,0,0,0,1.6,0.2,7.9,32.1,23.5,17.4,12.4,6.5,51.8,48.2,,台灣:64.3|香港:9.0|馬來西亞:3.6|新加坡:3.4|中國:2.3
18136824583585849,7d,2026-07-27,2026-07-20,https://www.instagram.com/reel/DbA5AxsjtRY/,蓋起金字塔的，不是奴隸──那他們是誰？  吉薩金字塔群 · 古王國第四王朝（約前2600–前2500）  胡夫大金字塔以550萬噸石灰岩砌成146公尺，自完工起,462,409,10,5,62.1,0.0,1.8,0.0,0.0,0.0,86.5,9.8,1.1,2.6,,9,7,0,0,0,0,2.6,0.4,8.3,32.3,22.7,17.2,12.7,6.3,51.0,49.0,,台灣:64.6|香港:9.4|馬來西亞:3.5|新加坡:3.3|中國:2.2
18606601657000248,24h,2026-07-22,2026-07-21,https://www.instagram.com/reel/DbDdzF4EQEv/,蓋出這座城的人，最後被關在自己的城裡──他是誰？  薩爾斯堡歷史中心 · 1077 年－1803 年  鹽讓薩爾斯堡富可敵國。杜恩山的岩鹽沿著薩爾察河北運，養出,351,303,8,1,61.6,0.0,1.0,0.0,0.0,0.0,85.2,12.5,2.3,,,0,3,0,0,0,0,3.1,0.6,8.7,28.8,24.4,18.0,16.3,3.2,48.9,51.1,,台灣:64.2|香港:12.2|新加坡:6.1|馬來西亞:3.8|中國:2.0
18606601657000248,48h,2026-07-23,2026-07-21,https://www.instagram.com/reel/DbDdzF4EQEv/,蓋出這座城的人，最後被關在自己的城裡──他是誰？  薩爾斯堡歷史中心 · 1077 年－1803 年  鹽讓薩爾斯堡富可敵國。杜恩山的岩鹽沿著薩爾察河北運，養出,512,440,8,1,60.1,0.0,1.1,0.2,0.0,0.0,86.5,11.4,2.0,,,0,5,0,0,0,1,2.2,0.8,8.8,31.1,23.7,17.0,14.7,3.9,45.3,54.7,,台灣:66.1|香港:11.4|新加坡:5.1|馬來西亞:4.1|美國:2.3
18606601657000248,7d,2026-07-28,2026-07-21,https://www.instagram.com/reel/DbDdzF4EQEv/,蓋出這座城的人，最後被關在自己的城裡──他是誰？  薩爾斯堡歷史中心 · 1077 年－1803 年  鹽讓薩爾斯堡富可敵國。杜恩山的岩鹽沿著薩爾察河北運，養出,530,450,8,1,59.7,0.0,1.1,0.2,0.0,0.0,83.7,11.0,3.4,1.7,,0,5,0,0,0,1,3,1.5,9.1,30.6,23.3,17.4,14.2,4.0,46.2,53.8,,台灣:66.9|香港:11.2|新加坡:4.9|馬來西亞:4.0|美國:2.3
18088358222645192,24h,2026-07-23,2026-07-22,https://www.instagram.com/reel/DbGcqGLINy6/,它不是日本，也不是中國，而是一個消失的王國。  琉球王國城跡 · 12–17 世紀（琉球王國）  珊瑚礁隆起的島嶼上，弧形的石灰岩城牆順著山脊蜿蜒。十二世紀起，,509,428,9,2,61.3,0.7,1.3,0.2,0.2,0.0,87.9,10.7,0.6,0.2,,2,6,0,1,3,1,0.6,0.6,9.6,40.2,28.5,11.9,5.4,3.8,66.1,33.9,,台灣:79.5|香港:5.0|美國:3.1|新加坡:2.7|馬來西亞:2.3
18088358222645192,48h,2026-07-24,2026-07-22,https://www.instagram.com/reel/DbGcqGLINy6/,它不是日本，也不是中國，而是一個消失的王國。  琉球王國城跡 · 12–17 世紀（琉球王國）  珊瑚礁隆起的島嶼上，弧形的石灰岩城牆順著山脊蜿蜒。十二世紀起，,920,820,11,4,60.5,0.6,1.2,0.4,0.1,0.0,88.0,9.8,1.3,0.4,0,8,10,0,1,5,3,1.1,0.5,8.8,36.9,26.5,13.3,9.4,4.6,64.2,35.8,,台灣:82.9|香港:4.9|新加坡:2.5|美國:1.6|馬來西亞:1.4
18088358222645192,7d,2026-07-29,2026-07-22,https://www.instagram.com/reel/DbGcqGLINy6/,它不是日本，也不是中國，而是一個消失的王國。  琉球王國城跡 · 12–17 世紀（琉球王國）  珊瑚礁隆起的島嶼上，弧形的石灰岩城牆順著山脊蜿蜒。十二世紀起，,930,827,11,4,60.0,0.6,1.2,0.4,0.1,0.0,87.3,10.0,1.5,0.8,,8,10,0,1,5,3,1.3,0.5,8.7,37.1,26.3,13.2,9.6,4.5,64.2,35.8,,台灣:83.1|香港:4.9|新加坡:2.5|美國:1.6|馬來西亞:1.4
18219533023327298,24h,2026-07-24,2026-07-23,https://www.instagram.com/reel/DbInYvfjCF8/,他家的房間，和樓裡另外三百六十九間一模一樣──這不是窮，是刻意的。  福建土樓 · 12–20 世紀（宋代至近代）  夯土牆厚達兩公尺、高至五層，能住進八百人。,754,643,10,2,52.3,0.0,2.3,0.3,0.2,0.0,88.0,9.5,2.4,0.1,0,5,15,0,1,0,2,1.5,3.5,14.5,37.9,24.8,10.0,6.2,3.2,56.6,43.4,,台灣:76.8|香港:6.3|美國:3.1|新加坡:2.9|馬來西亞:2.8
18219533023327298,48h,2026-07-25,2026-07-23,https://www.instagram.com/reel/DbInYvfjCF8/,他家的房間，和樓裡另外三百六十九間一模一樣──這不是窮，是刻意的。  福建土樓 · 12–20 世紀（宋代至近代）  夯土牆厚達兩公尺、高至五層，能住進八百人。,890,753,10,2,52.2,0.0,2.4,0.3,0.1,0.0,87.9,9.3,2.6,0.2,,7,18,0,1,0,2,1.6,4.3,12.8,37.6,23.7,10.8,7.0,3.7,55.6,44.4,,台灣:77.0|香港:6.1|新加坡:3.4|美國:2.8|馬來西亞:2.7
18219533023327298,7d,2026-07-30,2026-07-23,https://www.instagram.com/reel/DbInYvfjCF8/,他家的房間，和樓裡另外三百六十九間一模一樣──這不是窮，是刻意的。  福建土樓 · 12–20 世紀（宋代至近代）  夯土牆厚達兩公尺、高至五層，能住進八百人。,897,760,10,2,52.1,0.0,2.4,0.3,0.1,0.0,87.7,9.2,2.9,0.2,,7,18,0,1,0,2,1.8,4.3,12.8,37.5,23.7,10.7,7.1,3.9,55.7,44.3,,台灣:76.9|香港:6.1|新加坡:3.5|美國:2.8|馬來西亞:2.7
17936623929311963,24h,2026-07-25,2026-07-24,https://www.instagram.com/reel/DbJ6-8oiY5f/,他弒父奪位，卻用餘生逃亡。  獅子岩 · 西元5世紀  迦葉波弒父奪位，將達圖塞納王活活砌進牆中。為了躲避那位發誓復仇的兄長，他捨棄舊都，把整座王城遷上一塊拔地,402,294,15,2,45.7,0.0,0.3,0.3,0.0,0.0,86.9,7.6,4.0,1.3,,4,1,0,0,0,1,5.5,0.3,5.0,21.9,25.4,10.8,20.4,16.1,62.1,37.9,,台灣:65.2|香港:9.8|新加坡:7.6|馬來西亞:6.0|中國:2.3
17936623929311963,48h,2026-07-26,2026-07-24,https://www.instagram.com/reel/DbJ6-8oiY5f/,他弒父奪位，卻用餘生逃亡。  獅子岩 · 西元5世紀  迦葉波弒父奪位，將達圖塞納王活活砌進牆中。為了躲避那位發誓復仇的兄長，他捨棄舊都，把整座王城遷上一塊拔地,520,377,17,2,42.3,0.0,0.5,0.3,0.0,0.0,88.1,7.6,3.1,1.0,,4,2,0,0,0,1,4.7,0.2,4.3,20.9,24.4,14.6,20.7,15.0,65.9,34.1,,台灣:67.3|香港:9.4|新加坡:6.4|馬來西亞:5.7|中國:2.3
17936623929311963,7d,2026-08-01,2026-07-24,https://www.instagram.com/reel/DbJ6-8oiY5f/,他弒父奪位，卻用餘生逃亡。  獅子岩 · 西元5世紀  迦葉波弒父奪位，將達圖塞納王活活砌進牆中。為了躲避那位發誓復仇的兄長，他捨棄舊都，把整座王城遷上一塊拔地,537,387,17,2,42.3,0.0,0.5,0.8,0.0,0.0,85.5,7.5,4.2,2.6,,4,2,0,0,0,3,5.8,0.2,4.2,20.9,24.7,14.3,20.6,15.1,65.4,34.6,,台灣:67.7|香港:9.6|新加坡:6.2|馬來西亞:5.5|中國:2.3
18476806099103176,24h,2026-07-26,2026-07-25,https://www.instagram.com/reel/DbNw-jEl2Mc/,他放火燒了京都最美的寺——只因為它，美得讓人無法忍受。  金閣寺（鹿苑寺） · 室町時代（14 世紀）· 1955 年重建  金閣寺——京都六百年來最美的建築，,165,143,9,0,66.9,0.7,2.8,0.0,0.0,0.0,87.2,7.7,5.1,,,0,4,0,0,1,0,4.3,1.2,6.8,30.9,21.6,14.8,16.0,8.6,45.9,54.1,,台灣:79.0|香港:3.7|中國:3.7|馬來西亞:2.5|新加坡:2.5
18476806099103176,48h,2026-07-27,2026-07-25,https://www.instagram.com/reel/DbNw-jEl2Mc/,他放火燒了京都最美的寺——只因為它，美得讓人無法忍受。  金閣寺（鹿苑寺） · 室町時代（14 世紀）· 1955 年重建  金閣寺——京都六百年來最美的建築，,548,430,14,1,57.8,0.7,1.4,0.2,0.0,0.0,88.2,9.2,2.6,,,1,6,0,0,3,1,1.9,0.4,4.3,18.1,16.3,19.1,22.4,19.4,47.4,52.6,,台灣:78.5|香港:5.8|美國:3.0|新加坡:2.4|日本:1.9
18099703145363658,24h,2026-07-27,2026-07-26,https://www.instagram.com/reel/DbQVxOLj6ey/,王后在宮苑深處蓋了一座假農村，扮成農婦擠奶——而宮牆之外，人們正為一塊麵包暴動。  凡爾賽宮 · 17–18 世紀  凡爾賽宮苑深處有十二棟茅草農舍，一七八三年,158,144,7,1,70.6,0.0,1.4,0.0,0.0,0.0,84.2,10.8,5.0,,,1,2,0,0,0,0,4.4,3.2,5.1,29.7,25.9,13.3,17.7,5.1,43.8,56.2,,台灣:75.9|香港:6.3|澳大利亞:3.8|美國:3.2|英國:2.5
18099703145363658,48h,2026-07-28,2026-07-26,https://www.instagram.com/reel/DbQVxOLj6ey/,王后在宮苑深處蓋了一座假農村，扮成農婦擠奶——而宮牆之外，人們正為一塊麵包暴動。  凡爾賽宮 · 17–18 世紀  凡爾賽宮苑深處有十二棟茅草農舍，一七八三年,194,176,7,1,67.4,0.0,1.1,0.0,0.0,0.0,83.5,10.3,6.2,,,1,2,0,0,0,0,4.6,2.6,6.7,25.3,25.8,14.4,18.0,7.2,41.4,58.6,,台灣:77.3|香港:6.2|美國:3.1|英國:3.1|澳大利亞:3.1
18099703145363658,7d,2026-08-02,2026-07-26,https://www.instagram.com/reel/DbQVxOLj6ey/,王后在宮苑深處蓋了一座假農村，扮成農婦擠奶——而宮牆之外，人們正為一塊麵包暴動。  凡爾賽宮 · 17–18 世紀  凡爾賽宮苑深處有十二棟茅草農舍，一七八三年,207,186,7,1,67.2,0.0,1.1,0.0,0.0,0.0,78.3,9.7,6.3,5.7,,1,2,0,0,0,0,6.8,2.4,6.8,26.1,25.6,13.5,17.9,7.7,42.2,57.8,,台灣:77.8|香港:6.8|美國:2.9|英國:2.9|澳大利亞:2.9
17949236283213345,24h,2026-07-29,2026-07-28,https://www.instagram.com/reel/DbUQZiqipJW/,城破那天，最後一位羅馬皇帝扯下身上的紫袍衝進敵軍——從此再沒有人找到他的遺體。  伊斯坦堡歷史區 · 330–1453 年  君士坦丁十一世扯下紫袍，衝進破城的,150,138,,0,66.7,0.0,0.7,0.0,0.0,0.0,83.2,8.7,6.7,1.3,,1,1,0,0,0,0,4.7,1.3,15.4,33.6,26.8,6.7,10.7,5.4,76.1,23.9,,台灣:66.4|香港:16.1|加拿大:2.7|英國:2.7|馬來西亞:2.0
17949236283213345,7d,2026-08-04,2026-07-28,https://www.instagram.com/reel/DbUQZiqipJW/,城破那天，最後一位羅馬皇帝扯下身上的紫袍衝進敵軍——從此再沒有人找到他的遺體。  伊斯坦堡歷史區 · 330–1453 年  君士坦丁十一世扯下紫袍，衝進破城的,178,158,38,0,63.5,0.0,0.6,0.0,0.0,0.0,76.0,8.0,6.9,9.1,,1,1,0,0,0,0,8,1.1,13.1,32.6,26.9,8,12,6.3,74.7,25.3,,台灣:65.7|香港:17.7|英國:2.3|中國:2.3|加拿大:2.3
18133707844621690,24h,2026-07-29,2026-07-28,https://www.instagram.com/reel/DbVfW_UD4As/,海妖唱的不是愛情，是知識——而每個停下來聽的水手，船都撞碎在礁石上。  阿瑪菲海岸 · 839–1343 年  阿瑪菲外海的三座小島叫 I Galli——公雞。,141,129,7,0,66.2,0.0,1.5,0.0,0.0,0.0,86.3,7.2,6.5,,,0,2,0,0,0,0,5.8,1.4,5.8,28.1,27.3,18.0,11.5,7.9,59.1,40.9,,台灣:69.1|香港:10.1|美國:4.3|中國:2.9|馬來西亞:2.2
18133707844621690,48h,2026-07-30,2026-07-28,https://www.instagram.com/reel/DbVfW_UD4As/,海妖唱的不是愛情，是知識——而每個停下來聽的水手，船都撞碎在礁石上。  阿瑪菲海岸 · 839–1343 年  阿瑪菲外海的三座小島叫 I Galli——公雞。,209,185,9,1,61.5,0.0,1.6,0.5,0.0,0.0,86.9,5.8,5.8,1.5,,1,3,0,0,0,1,6.3,1.0,3.9,23.7,22.7,22.2,15.5,11.1,56.7,43.3,,台灣:69.6|香港:10.1|新加坡:3.9|馬來西亞:2.9|美國:2.9
18133707844621690,7d,2026-08-04,2026-07-28,https://www.instagram.com/reel/DbVfW_UD4As/,海妖唱的不是愛情，是知識——而每個停下來聽的水手，船都撞碎在礁石上。  阿瑪菲海岸 · 839–1343 年  阿瑪菲外海的三座小島叫 I Galli——公雞。,230,202,9,1,60.5,0.0,1.5,0.5,0.0,0.0,79.3,5.3,7.9,7.5,,1,3,0,0,0,1,8.4,0.9,3.5,23.8,22.9,21.6,15.9,11.5,58.9,41.1,,台灣:70|香港:11|新加坡:3.5|美國:3.1|馬來西亞:2.6
18126729280735615,24h,2026-07-30,2026-07-29,https://www.instagram.com/reel/DbYEJ9sjkJy/,父親臨終前要他拚死保住那個人，他卻把那人的首級，親手交給了正在追殺那人的敵人。  平泉 · 11–12 世紀（平安時代末期）  藤原泰衡在 1189 年逼死了投,298,235,14,0,47.6,0.0,1.2,0.0,0.0,0.0,84.3,11.3,4.4,,,4,3,0,0,0,0,5.7,1.1,8.2,21.4,31.7,17.1,12.1,8.5,59.6,40.4,,台灣:79.0|新加坡:5.0|香港:3.9|日本:3.2|中國:2.5
18126729280735615,7d,2026-08-05,2026-07-29,https://www.instagram.com/reel/DbYEJ9sjkJy/,父親臨終前要他拚死保住那個人，他卻把那人的首級，親手交給了正在追殺那人的敵人。  平泉 · 11–12 世紀（平安時代末期）  藤原泰衡在 1189 年逼死了投,1465,1271,13,5,42.7,0.0,1.3,0.2,0.1,0.0,83.8,12.8,1.7,1.7,,13,16,0,1,0,2,1.8,0.8,6.4,25.8,22.8,21.8,14.9,7.6,72.1,27.9,,台灣:82.8|香港:5.3|新加坡:2.6|中國:1.5|馬來西亞:1.4
18608492008034850,48h,2026-08-01,2026-07-30,https://www.instagram.com/reel/Dbao9f3Ds4a/,刻下大三巴這面石牆的，不是澳門的工匠——是一群再也回不了家的日本人。  大三巴牌坊 · 1602–1640（明萬曆至崇禎）  日本天主教徒工匠在 1602 年開,1849,1485,16,9,51.0,1.1,2.8,0.8,0.1,0.0,78.4,10.8,10.2,0.1,0.1,6,42,0,1,16,12,0.9,0.8,6.9,24.9,24.3,18.3,14.2,10.5,62.7,37.3,,台灣:56.6|香港:17.2|美國:4.0|新加坡:3.6|馬來西亞:3.5
18608492008034850,7d,2026-08-06,2026-07-30,https://www.instagram.com/reel/Dbao9f3Ds4a/,刻下大三巴這面石牆的，不是澳門的工匠——是一群再也回不了家的日本人。  大三巴牌坊 · 1602–1640（明萬曆至崇禎）  日本天主教徒工匠在 1602 年開,2608,2136,22,20,49.7,1.2,2.9,0.7,0.1,0.0,78.2,10.8,8.6,1.3,,11,61,0,2,25,15,1.2,0.6,5.9,20.9,22.8,19.3,17.3,13.2,64.4,35.6,,台灣:57.3|香港:16.7|中國:4.1|美國:3.9|新加坡:3.7
18092478233078374,24h,2026-08-01,2026-07-31,https://www.instagram.com/reel/DbdNvsqkW1t/,世界上最大的佛寺，曾被火山灰與叢林吞沒近千年——沒有人知道，當年的人為什麼把它拋下。  婆羅浮屠 · 夏連特拉王朝・八至九世紀  婆羅浮屠是世上最大的佛寺：九層,626,509,11,2,48.1,0.0,2.3,0.6,0.0,0.0,84.1,11.2,4.2,0.3,,4,12,0,0,0,3,2.2,0.2,3.7,27.9,29.2,17.8,11.9,9.4,62.8,37.2,,台灣:74.8|香港:7.8|馬來西亞:3.1|新加坡:2.9|美國:2.4
18092478233078374,48h,2026-08-02,2026-07-31,https://www.instagram.com/reel/DbdNvsqkW1t/,世界上最大的佛寺，曾被火山灰與叢林吞沒近千年——沒有人知道，當年的人為什麼把它拋下。  婆羅浮屠 · 夏連特拉王朝・八至九世紀  婆羅浮屠是世上最大的佛寺：九層,1711,1434,11,5,52.0,0.3,2.0,0.3,0.1,0.0,82.1,13.3,4.2,0.3,,7,28,0,2,5,5,1.4,0.1,3.6,25.1,25.4,18.1,17.8,9.9,65.1,34.9,,台灣:73.4|香港:5.7|馬來西亞:4.8|新加坡:4.7|中國:2.4
18092478233078374,7d,2026-08-07,2026-07-31,https://www.instagram.com/reel/DbdNvsqkW1t/,世界上最大的佛寺，曾被火山灰與叢林吞沒近千年——沒有人知道，當年的人為什麼把它拋下。  婆羅浮屠 · 夏連特拉王朝・八至九世紀  婆羅浮屠是世上最大的佛寺：九層,1850,1541,11,6,51.2,0.3,2.0,0.3,0.1,0.0,79.8,12.7,5.1,2.3,,7,31,0,2,5,5,2,0.1,3.8,24.4,25,18.4,18.1,10.3,65.9,34.1,,台灣:72.9|香港:5.7|馬來西亞:4.7|新加坡:4.6|中國:2.3
18074318954389643,24h,2026-08-02,2026-08-01,https://www.instagram.com/reel/DbfyixSgCAT/,一個賣山薯的窮小子，教敵國都城的孩子唱一首歌，就把公主唱進了自己懷裡——一千四百年後，塔裡挖出的一塊金板，卻說王后另有其人。  彌勒寺石塔 · 百濟武王・七世紀,245,205,11,1,45.4,0.0,1.5,0.0,0.0,0.0,79.3,13.3,6.2,1.2,,2,3,0,0,0,0,4.1,0.4,2.9,26.1,24.5,24.1,14.9,7.1,69.3,30.7,,台灣:74.7|香港:5.4|馬來西亞:4.1|美國:3.7|日本:2.5
18074318954389643,48h,2026-08-03,2026-08-01,https://www.instagram.com/reel/DbfyixSgCAT/,一個賣山薯的窮小子，教敵國都城的孩子唱一首歌，就把公主唱進了自己懷裡——一千四百年後，塔裡挖出的一塊金板，卻說王后另有其人。  彌勒寺石塔 · 百濟武王・七世紀,409,349,11,1,44.3,0.0,1.7,0.0,0.0,0.0,79.4,13.0,6.6,1.0,,2,6,0,0,0,0,4.2,0.2,3.7,26.3,25.1,21.4,12.0,11.3,64.4,35.6,,台灣:74.2|香港:6.9|美國:3.7|馬來西亞:3.2|新加坡:2.5
18074318954389643,7d,2026-08-08,2026-08-01,https://www.instagram.com/reel/DbfyixSgCAT/,一個賣山薯的窮小子，教敵國都城的孩子唱一首歌，就把公主唱進了自己懷裡——一千四百年後，塔裡挖出的一塊金板，卻說王后另有其人。  彌勒寺石塔 · 百濟武王・七世紀,473,396,11,1,42.6,0.0,1.5,0.0,0.0,0.0,70.7,11.5,7.2,10.6,,2,6,0,0,0,0,5.1,0.2,3.8,25.1,25.3,21,12.5,12.1,63.5,36.5,,台灣:75.2|香港:6.4|美國:3.6|馬來西亞:2.8|新加坡:2.3
18098005030992498,48h,2026-08-04,2026-08-02,https://www.instagram.com/reel/DbjlBMjCrRu/,站了四千五百年的巨石陣，建造它的人，卻從島上消失了。  巨石陣 · 新石器時代・約公元前3000–1600年  索爾茲伯里平原上，二十五噸的砂岩巨柱以榫卯相接，,268,235,7,2,56.2,0.0,2.1,0.8,0.0,0.0,83.2,9.8,5.5,1.5,,0,5,0,0,0,2,3.8,1.2,6.6,28.9,27.3,19.1,10.5,6.3,53.1,46.9,,台灣:71.1|香港:8.6|中國:4.3|新加坡:3.5|美國:3.1
18098005030992498,7d,2026-08-09,2026-08-02,https://www.instagram.com/reel/DbjlBMjCrRu/,站了四千五百年的巨石陣，建造它的人，卻從島上消失了。  巨石陣 · 新石器時代・約公元前3000–1600年  索爾茲伯里平原上，二十五噸的砂岩巨柱以榫卯相接，,363,326,9,2,52.1,0.9,1.8,0.6,0.0,0.0,68.1,9.4,8.1,14.4,,,6,0,0,3,2,7.7,0.8,6.1,29.2,28.9,18.3,10.8,5.8,56.1,43.9,,台灣:74.4|香港:7.5|中國:3.6|美國:2.8|新加坡:2.8
17912492928349250,24h,2026-08-04,2026-08-03,https://www.instagram.com/reel/Dbk8IxOoAM8/,八千個陶土士兵守著的主墓，兩千兩百年沒有人打開過——不是找不到，是不敢。  秦始皇陵 · 秦代・公元前246–208年  八千個陶土士兵，其實只是陵園東側的衛戍,713,422,18,4,29.9,0.2,2.7,0.0,0.0,0.2,84.8,10.8,4.2,,,8,16,1,0,1,0,2.8,0.2,3.5,24.6,29.9,17.7,14.4,9.8,77.1,22.9,,台灣:59.3|香港:12.3|中國:6.3|美國:5.6|馬來西亞:4
17912492928349250,48h,2026-08-05,2026-08-03,https://www.instagram.com/reel/Dbk8IxOoAM8/,八千個陶土士兵守著的主墓，兩千兩百年沒有人打開過——不是找不到，是不敢。  秦始皇陵 · 秦代・公元前246–208年  八千個陶土士兵，其實只是陵園東側的衛戍,1894,1552,18,10,41.4,1.4,2.5,0.2,0.0,0.1,84.7,10.7,4.1,0.2,,14,39,1,0,21,3,1,0.3,4.9,23.8,25.9,18.7,15.5,10.9,69.5,30.5,,台灣:64.8|香港:11.7|馬來西亞:4.2|中國:3.9|美國:3.7
17912492928349250,7d,2026-08-10,2026-08-03,https://www.instagram.com/reel/Dbk8IxOoAM8/,八千個陶土士兵守著的主墓，兩千兩百年沒有人打開過——不是找不到，是不敢。  秦始皇陵 · 秦代・公元前246–208年  八千個陶土士兵，其實只是陵園東側的衛戍,2263,1862,18,11,40.8,1.1,2.4,0.2,0.0,0.1,79.4,10.6,6.6,3.1,,17,44,1,0,21,4,1.9,0.3,4.4,22.3,24.7,20.8,16.7,10.8,67.5,32.5,,台灣:65.7|香港:11.2|美國:4|中國:3.8|馬來西亞:3.7
17937984216323901,24h,2026-08-05,2026-08-04,https://www.instagram.com/reel/Dbng8E4EalF/,她在這座塔加冕成為王后，也在這裡被丈夫斬首——中間只隔了一千天。  倫敦塔 · 1078 年至今  安妮·博林在 1533 年從倫敦塔出發、遊行至西敏寺加冕為后,384,287,15,3,49.0,0.0,1.3,0.0,0.0,0.0,83.0,13.7,2.7,0.6,,4,4,0,0,0,0,1.9,0.6,10.5,31.3,25.9,19.3,7.7,4.8,48.1,51.9,,台灣:57.1|英國:12.5|香港:10.2|馬來西亞:2.8|中國:2.6
17937984216323901,48h,2026-08-06,2026-08-04,https://www.instagram.com/reel/Dbng8E4EalF/,她在這座塔加冕成為王后，也在這裡被丈夫斬首——中間只隔了一千天。  倫敦塔 · 1078 年至今  安妮·博林在 1533 年從倫敦塔出發、遊行至西敏寺加冕為后,1637,1245,20,15,50.8,0.2,2.0,0.3,0.0,0.0,82.1,14.4,1.9,1.6,,23,26,0,0,3,4,0.9,0.2,10.6,30.8,24.5,16.9,11.3,5.7,48.2,51.8,,台灣:61.2|香港:10.1|英國:7.5|美國:4.6|馬來西亞:3.7
17937984216323901,7d,2026-08-11,2026-08-04,https://www.instagram.com/reel/Dbng8E4EalF/,她在這座塔加冕成為王后，也在這裡被丈夫斬首——中間只隔了一千天。  倫敦塔 · 1078 年至今  安妮·博林在 1533 年從倫敦塔出發、遊行至西敏寺加冕為后,2270,1728,20,18,49.8,0.5,1.5,0.2,0.0,0.0,79.1,14.3,2.7,3.8,,30,27,0,0,9,4,1.4,0.2,8.5,26.9,24,19.9,13.4,7.1,49.9,50.1,,台灣:64.5|香港:9.8|英國:6.5|美國:4.2|馬來西亞:3.3
18629203936046150,24h,2026-08-06,2026-08-05,https://www.instagram.com/reel/DbqFumoD7ml/,原子彈幾乎在它的正上方爆炸，整個廣島瞬間被夷為平地——偏偏是離爆心最近的它，一直站到今天。  廣島原爆圓頂 · 昭和20年（1945）  原子彈在這棟樓頭頂近乎,2492,2040,17,7,43.2,0.0,2.4,0.4,0.0,0.1,83.2,14.7,1.6,0.2,,27,50,2,0,0,9,0.4,0.7,6.7,24.9,29.2,21.1,13.3,4.1,68.9,31.1,,台灣:77.6|香港:7.2|中國:2.7|新加坡:2.5|美國:2
18629203936046150,48h,2026-08-07,2026-08-05,https://www.instagram.com/reel/DbqFumoD7ml/,原子彈幾乎在它的正上方爆炸，整個廣島瞬間被夷為平地——偏偏是離爆心最近的它，一直站到今天。  廣島原爆圓頂 · 昭和20年（1945）  原子彈在這棟樓頭頂近乎,8631,6807,19,34,39.2,0.4,2.3,0.3,0.0,0.1,84.2,12.9,2.3,0.2,,56,158,6,3,25,24,0.5,0.8,3.6,16.3,25.2,25.9,21.1,7.1,73.6,26.4,,台灣:78.7|香港:7.1|中國:3.4|美國:2.2|馬來西亞:1.9
18629203936046150,7d,2026-08-12,2026-08-05,https://www.instagram.com/reel/DbqFumoD7ml/,原子彈幾乎在它的正上方爆炸，整個廣島瞬間被夷為平地——偏偏是離爆心最近的它，一直站到今天。  廣島原爆圓頂 · 昭和20年（1945）  原子彈在這棟樓頭頂近乎,13487,10610,21,60,39.1,0.4,2.6,0.3,0.0,0.2,84.6,11.4,2.6,0.4,0.4,86,274,19,4,47,34,0.6,1,3.2,14.9,23.5,26.5,22.2,8.7,76.6,23.4,,台灣:77.8|香港:7.5|中國:3.6|美國:2.5|馬來西亞:2
17981335974026336,24h,2026-08-07,2026-08-06,https://www.instagram.com/reel/DbsqhrqlhrS/,1718年，二十八歲的皇太子死在牢裡——下令用刑、到場主持審訊的，是他的父親彼得大帝。  聖彼得堡 · 1703 年建城  阿列克謝二十八歲那年死在彼得保羅要塞,555,441,14,2,46.2,0.0,1.7,0.0,0.0,0.0,80.6,11.7,6.6,1.1,,2,8,0,0,0,0,3.7,2.8,6.3,34.9,27.6,18.6,5.8,4.1,68.5,31.5,,台灣:88.1|香港:2.6|澳大利亞:1.9|美國:1.5|中國:1.5
17981335974026336,48h,2026-08-08,2026-08-06,https://www.instagram.com/reel/DbsqhrqlhrS/,1718年，二十八歲的皇太子死在牢裡——下令用刑、到場主持審訊的，是他的父親彼得大帝。  聖彼得堡 · 1703 年建城  阿列克謝二十八歲那年死在彼得保羅要塞,702,572,13,3,45.1,0.2,1.5,0.0,0.0,0.0,80.3,11.2,6.2,2.3,,5,9,0,0,1,0,3.3,2.7,5.6,34.7,27.2,19.2,6.3,4.2,65.6,34.4,,台灣:87.6|香港:2.6|澳大利亞:1.7|中國:1.4|英國:1.3
17981335974026336,7d,2026-08-13,2026-08-06,https://www.instagram.com/reel/DbsqhrqlhrS/,1718年，二十八歲的皇太子死在牢裡——下令用刑、到場主持審訊的，是他的父親彼得大帝。  聖彼得堡 · 1703 年建城  阿列克謝二十八歲那年死在彼得保羅要塞,753,613,14,4,43.6,0.2,1.7,0.0,0.0,0.0,75.2,10.6,7.2,7.0,,5,11,0,0,1,0,4.9,2.6,5.4,34.4,27.9,19.3,6.2,4.3,64.7,35.3,,台灣:86.4|香港:3.1|馬來西亞:1.7|澳大利亞:1.6|中國:1.5
17980664580107666,24h,2026-08-08,2026-08-07,https://www.instagram.com/reel/DbvQb6oFRBM/,這個王朝在兩百五十年裡蓋了一萬多座佛塔，然後亡了——滅掉它的不是外敵，正是這一萬多座塔。  蒲甘 · 蒲甘王朝（1044–1297）  伊洛瓦底江畔的平原上，兩,1645,1326,18,4,45.3,0.2,2.3,0.2,0.0,0.0,82.0,9.2,8.4,0.1,0.1,6,31,0,0,2,3,1.9,2,4.9,23.2,25.5,20.9,17,6.6,74.7,25.3,,台灣:67.2|香港:6.7|馬來西亞:5.6|美國:4.4|新加坡:3.1
17980664580107666,48h,2026-08-09,2026-08-07,https://www.instagram.com/reel/DbvQb6oFRBM/,這個王朝在兩百五十年裡蓋了一萬多座佛塔，然後亡了——滅掉它的不是外敵，正是這一萬多座塔。  蒲甘 · 蒲甘王朝（1044–1297）  伊洛瓦底江畔的平原上，兩,3233,2641,17,15,45.5,0.3,2.5,0.5,0.0,0.0,73.3,10.6,14.8,0.6,0.7,17,66,0,0,8,12,1.9,1.5,4.3,20.5,25.1,22.1,18.4,8.1,75.3,24.7,,台灣:68.8|香港:6.7|馬來西亞:5.2|美國:4.3|中國:3.3
17980664580107666,7d,2026-08-14,2026-08-07,https://www.instagram.com/reel/DbvQb6oFRBM/,這個王朝在兩百五十年裡蓋了一萬多座佛塔，然後亡了——滅掉它的不是外敵，正是這一萬多座塔。  蒲甘 · 蒲甘王朝（1044–1297）  伊洛瓦底江畔的平原上，兩,3922,3190,18,17,45.4,0.3,2.5,0.4,0.0,0.0,72.1,10.9,15.2,1.0,0.5,23,80,0,0,9,13,1.7,1.5,4.2,19.3,24.1,22.5,19.7,8.6,75.7,24.3,,台灣:69.4|香港:6.3|馬來西亞:5.6|美國:3.9|中國:3.4
18123293416699089,24h,2026-08-09,2026-08-08,https://www.instagram.com/reel/Dbx0MiliCJd/,朝鮮王朝最後一位公主十三歲被送往日本，三十七年後回到這座宮殿時，已經誰都認不得——她在宮裡最角落的一間小屋，住到過世。  昌德宮 · 朝鮮王朝（創建於 1405,3677,3089,19,10,41.3,0.1,1.2,0.2,0.0,0.0,78.2,13.7,7.9,0.2,,24,37,0,0,2,6,0.5,0.5,4.6,25,27.4,21.2,14.7,6.6,46.1,53.9,,台灣:78.5|香港:4.8|美國:4.1|新加坡:2.8|馬來西亞:1.7
18123293416699089,48h,2026-08-10,2026-08-08,https://www.instagram.com/reel/Dbx0MiliCJd/,朝鮮王朝最後一位公主十三歲被送往日本，三十七年後回到這座宮殿時，已經誰都認不得——她在宮裡最角落的一間小屋，住到過世。  昌德宮 · 朝鮮王朝（創建於 1405,10149,8158,20,23,36.4,0.0,1.1,0.2,0.0,0.0,60.1,11.2,28.4,0.2,,57,95,1,0,4,17,0.5,0.6,3,18.3,27.9,24.6,18.4,7.3,41.5,58.5,,台灣:77.7|香港:6.3|美國:3.2|新加坡:3|馬來西亞:2
18620272798013125,24h,2026-08-10,2026-08-09,https://www.instagram.com/reel/Db0Y-_WjJpD/,他守了莫高窟一輩子，卻被記成賣掉敦煌的那個人。  莫高窟 · 公元 366 年－14 世紀  王圓籙是個四處化緣的道士，在沒人管的莫高窟住下，清沙修窟。一九〇〇,222,184,10,0,61.3,0.0,1.6,0.0,0.0,0.0,69.1,5.0,25.0,0.9,,1,3,0,0,0,0,9.1,5.9,4.1,28.2,35,18.6,4.5,3.6,73.6,26.4,,台灣:80.9|香港:4.5|中國:3.2|馬來西亞:2.3|新加坡:2.3
18620272798013125,48h,2026-08-11,2026-08-09,https://www.instagram.com/reel/Db0Y-_WjJpD/,他守了莫高窟一輩子，卻被記成賣掉敦煌的那個人。  莫高窟 · 公元 366 年－14 世紀  王圓籙是個四處化緣的道士，在沒人管的莫高窟住下，清沙修窟。一九〇〇,265,219,11,0,57.7,0.0,1.4,0.0,0.0,0.0,60.5,4.9,32.7,1.9,,1,3,0,0,0,0,8.5,5.7,3.4,26.6,32.7,19.4,7.6,4.6,72.7,27.3,,台灣:79.8|香港:4.2|中國:4.2|新加坡:2.7|馬來西亞:1.9
17896116483593143,24h,2026-08-11,2026-08-10,https://www.instagram.com/reel/Db29tCjmyXn/,這尊大佛的臉被稱作東方蒙娜麗莎，因為它被說成，是中國唯一那位女皇帝的臉。  龍門石窟 · 北魏至唐．西元 493 年起  咸亨三年，皇后武氏施助脂粉錢二萬貫，在,454,417,9,0,47.3,0.0,1.2,0.0,0.0,0.0,80.3,12.6,6.7,0.4,,1,5,0,0,0,0,2.2,1.6,4.3,27.8,26,20.4,13,7,75,25,,台灣:70.4|香港:5.6|美國:4.3|新加坡:4|馬來西亞:3.6
17896116483593143,48h,2026-08-12,2026-08-10,https://www.instagram.com/reel/Db29tCjmyXn/,這尊大佛的臉被稱作東方蒙娜麗莎，因為它被說成，是中國唯一那位女皇帝的臉。  龍門石窟 · 北魏至唐．西元 493 年起  咸亨三年，皇后武氏施助脂粉錢二萬貫，在,634,581,9,0,46.6,0.0,1.7,0.0,0.0,0.0,79.1,13.2,7.0,0.6,0,2,10,0,0,0,0,1.9,1.4,4.1,27,24.4,21.2,14,7.8,76.2,23.8,,台灣:69.5|香港:5.2|馬來西亞:4.4|新加坡:4.4|美國:3.8
18111093064811447,24h,2026-08-12,2026-08-11,https://www.instagram.com/reel/Db5igI3jTGS/,這座城的號角，每個整點都斷在同一個音上——六百多年來，沒有人把它吹完過。  克拉科夫舊城 · 中世紀．西元 1257 年重建  號角每個整點在克拉科夫主廣場上空,200,174,9,0,73.1,0.0,1.1,0.0,0.0,0.0,79.8,6.2,13.0,1.0,0,1,2,0,0,0,0,10.2,3.1,12.4,25.4,21.2,15,16.6,6.2,70.1,29.9,,台灣:77.7|香港:6.7|馬來西亞:4.7|新加坡:2.6|美國:1.6
18111093064811447,48h,2026-08-13,2026-08-11,https://www.instagram.com/reel/Db5igI3jTGS/,這座城的號角，每個整點都斷在同一個音上——六百多年來，沒有人把它吹完過。  克拉科夫舊城 · 中世紀．西元 1257 年重建  號角每個整點在克拉科夫主廣場上空,220,193,9,0,70.5,0.0,1.0,0.0,0.0,0.0,78.0,5.5,14.7,1.8,,1,2,0,0,0,0,9.2,4.1,11,24.8,20.2,15.1,17.9,6.9,69.9,30.1,,台灣:77.1|香港:7.3|馬來西亞:5|新加坡:2.3|美國:1.4
17888054283438342,24h,2026-08-13,2026-08-12,https://www.instagram.com/reel/Db8HSshFStg/,韓戰把這座城的城牆炸成了瓦礫——今天它卻一寸不差地都在。  水原華城 · 朝鮮王朝，1794–1796  韓戰炸毀了水原華城：長安門、蒼龍門全毀，大段城牆倒塌。,341,296,9,0,53.1,0.0,1.0,0.0,0.0,0.0,73.4,14.4,11.4,0.8,,3,3,0,0,0,0,3.9,0.9,4.5,27.2,31.1,17.7,12.9,5.7,69.8,30.2,,台灣:70.7|香港:7.2|新加坡:6.9|美國:4.2|中國:2.1
17888054283438342,48h,2026-08-14,2026-08-12,https://www.instagram.com/reel/Db8HSshFStg/,韓戰把這座城的城牆炸成了瓦礫——今天它卻一寸不差地都在。  水原華城 · 朝鮮王朝，1794–1796  韓戰炸毀了水原華城：長安門、蒼龍門全毀，大段城牆倒塌。,598,515,10,1,46.6,0.2,2.3,0.8,0.2,0.0,69.5,10.5,19.1,0.9,,6,12,0,1,1,4,2.5,1.7,5.2,24.1,29.3,19.4,14.5,5.7,65.6,34.4,,台灣:71|香港:7.3|新加坡:5.1|美國:4.4|馬來西亞:1.9
17963079225155458,24h,2026-08-14,2026-08-13,https://www.instagram.com/reel/Db-ssa2CjOv/,僅次於北京的世界第二大城，被燒了六個月——然後五百年裡，沒有一個人搬回來。  亨比 · 毗奢耶那伽羅帝國，1336–1565  毗奢耶那伽羅，一五○○年前後被估,424,355,45,0,44.7,0.3,1.1,0.3,0.0,0.0,82.5,9.4,8.1,,,,4,0,0,1,1,3.9,1.2,3.6,23.5,27.4,18.6,15.5,10.2,70.7,29.3,,台灣:71.7|香港:8.2|美國:5.3|中國:5.1|馬來西亞:2.4
